epoch,loss,EM,F1
1,1.0382174982161478,68.2770771513353,78.22948768849486
2,1.0033914264656316,69.43620178041543,79.15121081539111
3,1.0785278957392412,69.87203264094956,79.60735587579691
