epoch,loss,EM,F1
1,1.0667690482620669,68.68360534124629,78.59379592178767
2,0.9910118382656256,69.28583086053413,78.97772780651843
3,1.0867449974624623,69.64421364985164,79.39260443493457
