epoch,loss,EM,F1
1,1.0140671682287041,68.19362017804154,78.34262137132594
2,1.0044761147980166,69.70511869436201,79.29991114724491
3,1.0736391420534173,69.88857566765579,79.69519782028571
