epoch,loss,EM,F1
1,1.0414184579509655,68.026706231454,78.07014162706861
2,1.0063194645795341,70.04821958456974,79.56802688270712
3,1.0902975410311442,69.81639465875371,79.66782007822496
