epoch,loss,EM,F1
1,1.0627724094100806,67.89688427299703,77.64926244963362
2,0.9937140281900808,69.35274480712167,78.88650814299127
3,1.0919253488322747,69.3156528189911,79.19163062123894
