epoch,loss
1,1.0368460514513604
2,1.015449302088613
3,1.0931926749049732
