epoch,loss,EM,F1
1,1.051905075767981,68.20289317507418,77.74091100135647
2,1.0062947965694111,69.28783382789318,79.22081063334035
3,1.0817997811102371,69.55675074183976,79.24566861158198
